token,model,logprob_sum,count
1,delphi-llama2-100k,-65.26573300361633,99
1,delphi-llama2-200k,-62.61908884870354,99
1,delphi-llama2-400k,-59.318177748587914,99
1,delphi-llama2-800k,-53.55305729410611,99
1,delphi-llama2-1.6m,-47.77766922378214,99
1,delphi-llama2-3.2m,-43.214771690254565,99
1,delphi-llama2-6.4m,-43.22450309309352,99
1,delphi-llama2-12.8m,-41.41804945646436,99
1,delphi-llama2-25.6m,-44.89760593725077,99
